data,rank,nicho,regiao,nome,nota,avaliacoes,contato,WhatsApp/telefone normalizado,site atual,link Maps,motivo da abordagem,diagnostico do site atual,conteudo real extraido,servicos reais identificados,prova social real,identidade visual observada,imagens/logo aproveitaveis,slug sugerido,status redesign,URL curta gerada,print Maps,print site atual desktop,print site atual mobile,link wa.me preliminar,status,observacoes,Bloco 1 (Link),Bloco 2 (Proposta),Toque 1 (2 dias),Toque 2 (5 dias),Toque 3 (10 dias)
2026-08-22,1,Psicologa,Blumenau - SC,Thainá Suzena,nao capturada,nao capturadas,"Sem WhatsApp direto na página; contato via botão ""Agende sua sessão"" (link quebrado). Telefone do perfil Google: (47) 99191-5339.",+5547991915339,https://bio.site/psi.thsuzena,https://www.google.com/maps/search/?api=1&query=Thain%C3%A1%20Suzena%20Psic%C3%B3loga%20Blumenau%20SC,"Psicóloga mulher em Blumenau (cluster prioritário) sem site próprio: usa apenas uma página link-in-bio gratuita (bio.site), sem domínio, sem conteúdo institucional e com um botão de contato quebrado.","Página bio.site (link-in-bio) genérica sem domínio próprio; sem seção de serviços, sem depoimentos, sem endereço; botão ""Agende sua sessão"" retorna erro ""Invalid Link"" ao ser testado — link de contato quebrado.","Texto real extraído da página: ""Thainá Suzena — Psicóloga clínica • CRP 12/31456 • Adultos e adolescentes • Percurso psicanalítico."" Botões: ""Agende sua sessão"" (quebrado), ""Sobre mim :)"", Instagram, TikTok.","Psicoterapia clínica para adultos e adolescentes, abordagem psicanalítica (conforme bio)",Nenhuma na página; 24 avaliações 5.0 estrelas no perfil do Google Maps,"Paleta terrosa (bege/marrom), foto profissional própria, sem logotipo ou identidade de marca customizada",Foto profissional da psicóloga (presente no bio.site),thaina-suzena-blumenau-sc,Aguardando redesign individual,,Print do Maps revisado ao vivo nesta sessão (busca + listagem); captura em disco não pôde ser persistida no ambiente desta rotina.,Print desktop do site revisado ao vivo nesta sessão via navegador conectado; captura em disco não pôde ser persistida no ambiente desta rotina.,Viewport mobile não pôde ser testado nesta rotina (instabilidade do navegador conectado ao redimensionar); avaliação de responsividade não realizada para este lead.,https://wa.me/5547991915339,LEAD_QUALIFICADO_AGUARDANDO_REDESIGN_INDIVIDUAL,"Lead novo após dedupe contra 12/07, 22/07, 26/07, 27/07, 28/07, 29/07 e 30/07 (nome, domínio, telefone e slug). Pesquisa via Google Maps ao vivo (navegador conectado) + verificação direta do site. Nenhum envio automático nem redesign criado nesta rotina.","Olá, Thainá! Tudo bem?

Aqui é o Leonardo Brasil. Encontrei o seu site (https://bio.site/psi.thsuzena) e preparei, sem compromisso, uma nova versão com visual mais moderno e pronta para celular.

Quer que eu te envie o link para ver como ficou?

Me envie uma mensagem no WhatsApp 51 99256-8861 que eu te mando o link:
https://wa.me/5551992568861","Proposta para Thainá: redesign completo do site atual (Psicóloga mulher em Blumenau (cluster prioritário) sem site próprio: usa apenas uma página link-in-bio gratuita (bio), valor único de R$497 (pagamento único, sem parcelas), com hospedagem e manutenção mensal de R$37,90. Link final do redesign: [INSERIR_LINK_DO_REDESIGN_APOS_CRIACAO].","Oi Thainá, tudo bem? Passando para saber se você viu minha mensagem sobre a nova versão do seu site — posso te enviar o link para dar uma olhada, sem compromisso.","Oi Thainá! Ainda tenho a versão nova do seu site pronta para te mostrar. Se quiser, é só me chamar no WhatsApp 51 99256-8861 que te mando o link na hora.","Oi Thainá, última mensagem por aqui :) A proposta do redesign do seu site segue disponível — R$497 único + R$37,90/mês de hospedagem. Qualquer dúvida, é só chamar no WhatsApp 51 99256-8861."
2026-08-22,2,Psicologa / Psicanalista,Itajai - SC,Eloise Miranda,5.0,72,"Telefone/perfil Google Maps: (47) 99964-6501. Endereço: R. Indaial, 583, Itajaí - SC.",+5547999646501,https://sites.google.com/view/eloisemiranda/home,https://www.google.com/maps/search/?api=1&query=Psic%C3%B3loga%20Eloise%20Miranda%20Itajai%20SC,"Psicóloga/psicanalista mulher em Itajaí (cluster prioritário) com ótima reputação (72 avaliações) mas site hospedado em template gratuito do Google Sites, com baixo contraste visual e identidade genérica.","Google Sites (template gratuito, domínio sites.google.com): fundo verde-oliva escuro com texto branco de baixo contraste, ícone genérico de árvore no lugar de identidade visual própria, sem WhatsApp em destaque, menu simples sem clareza de agendamento.","Texto real extraído da página: ""A experiência a serviço da sua compreensão: onde o sintoma encontra a escuta. Três décadas de escuta me ensinaram que os sintomas são pistas de uma história que precisa ser narrada.""",Escuta psicanalítica / atendimento clínico (conforme texto da página),Nenhuma visível na home; 72 avaliações 5.0 estrelas no Google Maps,"Tema padrão do Google Sites, ícone de árvore genérico, sem paleta de marca definida",Foto de perfil da profissional (presente na página),eloise-miranda-itajai-sc,Aguardando redesign individual,,Print do Maps revisado ao vivo nesta sessão (busca + listagem); captura em disco não pôde ser persistida no ambiente desta rotina.,Print desktop do site revisado ao vivo nesta sessão via navegador conectado; captura em disco não pôde ser persistida no ambiente desta rotina.,Viewport mobile não pôde ser testado nesta rotina (instabilidade do navegador conectado ao redimensionar); avaliação de responsividade não realizada para este lead.,https://wa.me/5547999646501,LEAD_QUALIFICADO_AGUARDANDO_REDESIGN_INDIVIDUAL,"Lead novo após dedupe contra todas as rotinas anteriores (nome, domínio, telefone, slug). Nicho seguinte na ordem comercial (Psicanalistas mulheres) após saturação de Psicólogas no cluster BC/Itajaí/Blumenau.","Olá, Eloise! Tudo bem?

Aqui é o Leonardo Brasil. Encontrei o seu site (https://sites.google.com/view/eloisemiranda/home) e preparei, sem compromisso, uma nova versão com visual mais moderno e pronta para celular.

Quer que eu te envie o link para ver como ficou?

Me envie uma mensagem no WhatsApp 51 99256-8861 que eu te mando o link:
https://wa.me/5551992568861","Proposta para Eloise: redesign completo do site atual (Psicóloga/psicanalista mulher em Itajaí (cluster prioritário) com ótima reputação (72 avaliações) mas site hospedado em template gratuito do Google Sites, com baixo contraste visual e identidade genérica), valor único de R$497 (pagamento único, sem parcelas), com hospedagem e manutenção mensal de R$37,90. Link final do redesign: [INSERIR_LINK_DO_REDESIGN_APOS_CRIACAO].","Oi Eloise, tudo bem? Passando para saber se você viu minha mensagem sobre a nova versão do seu site — posso te enviar o link para dar uma olhada, sem compromisso.","Oi Eloise! Ainda tenho a versão nova do seu site pronta para te mostrar. Se quiser, é só me chamar no WhatsApp 51 99256-8861 que te mando o link na hora.","Oi Eloise, última mensagem por aqui :) A proposta do redesign do seu site segue disponível — R$497 único + R$37,90/mês de hospedagem. Qualquer dúvida, é só chamar no WhatsApp 51 99256-8861."
2026-08-22,3,Psicanalista,Blumenau - SC,Aymê Luiza Brueckheimer,nao capturada,nao capturadas,"Telefone/perfil Google Maps: (47) 99951-4017. Endereço: Alameda Duque de Caxias, 145 - Sl 103, Blumenau - SC.",+5547999514017,https://aymepsicanalista.com.br/,https://www.google.com/maps/search/?api=1&query=Psicanalista%20Ayme%20Luiza%20Brueckheimer%20Blumenau%20SC,"Psicanalista mulher em Blumenau com domínio próprio registrado (aymepsicanalista.com.br), porém o site está fora do ar: qualquer busca pelo nome leva a uma página de erro.","Domínio aymepsicanalista.com.br não carrega — página de erro no navegador ao ser acessado em 22/08/2026 (não foi possível extrair conteúdo nem capturar tela da página, pois o navegador bloqueia screenshot de página de erro). A profissional mantém um domínio pago que hoje não entrega nenhuma experiência ao visitante.","Não foi possível extrair conteúdo do site (indisponível). Dados de nome, endereço e telefone extraídos do perfil público do Google Maps.",Não determinável (site fora do ar),2 avaliações 5.0 estrelas no perfil do Google Maps,Não determinável (site fora do ar),Nenhuma disponível (site fora do ar); fotos precisarão ser levantadas diretamente com a profissional,ayme-brueckheimer-blumenau-sc,Aguardando redesign individual,,Print do Maps revisado ao vivo nesta sessão (busca + listagem); captura em disco não pôde ser persistida no ambiente desta rotina.,"Não aplicável: domínio fora do ar (página de erro), navegador não permite capturar screenshot de página de erro.",Viewport mobile não pôde ser testado nesta rotina (instabilidade do navegador conectado ao redimensionar); avaliação de responsividade não realizada para este lead.,https://wa.me/5547999514017,LEAD_QUALIFICADO_AGUARDANDO_REDESIGN_INDIVIDUAL,"Lead novo após dedupe. Diagnóstico ""site fora do ar"" é evidência forte e verificável para abordagem — reforça a urgência do redesign/nova hospedagem.","Olá, Aymê! Tudo bem?

Aqui é o Leonardo Brasil. Encontrei o seu site (https://aymepsicanalista.com.br/) e preparei, sem compromisso, uma nova versão com visual mais moderno e pronta para celular.

Quer que eu te envie o link para ver como ficou?

Me envie uma mensagem no WhatsApp 51 99256-8861 que eu te mando o link:
https://wa.me/5551992568861","Proposta para Aymê: redesign completo do site atual (Psicanalista mulher em Blumenau com domínio próprio registrado (aymepsicanalista), valor único de R$497 (pagamento único, sem parcelas), com hospedagem e manutenção mensal de R$37,90. Link final do redesign: [INSERIR_LINK_DO_REDESIGN_APOS_CRIACAO].","Oi Aymê, tudo bem? Passando para saber se você viu minha mensagem sobre a nova versão do seu site — posso te enviar o link para dar uma olhada, sem compromisso.","Oi Aymê! Ainda tenho a versão nova do seu site pronta para te mostrar. Se quiser, é só me chamar no WhatsApp 51 99256-8861 que te mando o link na hora.","Oi Aymê, última mensagem por aqui :) A proposta do redesign do seu site segue disponível — R$497 único + R$37,90/mês de hospedagem. Qualquer dúvida, é só chamar no WhatsApp 51 99256-8861."
2026-08-22,4,Nutricionista,Balneario Camboriu - SC,Tamires Da Cruz,5.0,243,"Telefone/perfil Google Maps: (47) 99999-7907. Endereço: R. Arthur Max Doose, 156 - 10º Andar, Balneário Camboriú - SC. CRN10 3291.",+5547999997907,https://www.tamiresdacruz.com.br/,https://www.google.com/maps/search/?api=1&query=Dra%20Tamires%20Da%20Cruz%20Nutricionista%20Balneario%20Camboriu%20SC,"Nutricionista mulher com excelente reputação (243 avaliações, 5.0) e domínio próprio registrado, mas o domínio hoje exibe apenas o template genérico do espaço de coworking onde ela atende — sem nenhuma página pessoal.","O domínio pessoal tamiresdacruz.com.br carrega o site institucional de terceiros ""Saúde Coworking"" (aluguel de salas de atendimento), sem qualquer menção ao nome, CRN, serviços, bio ou diferenciais da nutricionista. Quem busca pelo nome dela não encontra nenhuma informação profissional.","CRN10 3291 (Santa Catarina), extraído do título da aba do navegador. Demais dados via Google Maps: atende em Balneário Camboriú e Itajaí.",Nutrição clínica (conforme categoria do Google Maps); serviços específicos não determináveis pois o domínio não exibe conteúdo pessoal,"243 avaliações 5.0 estrelas no Google Maps (reputação muito forte, mal aproveitada pelo site atual)","Não determinável no domínio pessoal (exibe apenas identidade de marca do coworking, não da profissional)",Nenhuma disponível no domínio atual; fotos precisarão ser levantadas diretamente com a profissional,tamires-da-cruz-balneario-camboriu-sc,Aguardando redesign individual,,Print do Maps revisado ao vivo nesta sessão (busca + listagem); captura em disco não pôde ser persistida no ambiente desta rotina.,Print desktop do site revisado ao vivo nesta sessão via navegador conectado; captura em disco não pôde ser persistida no ambiente desta rotina.,Viewport mobile não pôde ser testado nesta rotina (instabilidade do navegador conectado ao redimensionar); avaliação de responsividade não realizada para este lead.,https://wa.me/5547999997907,LEAD_QUALIFICADO_AGUARDANDO_REDESIGN_INDIVIDUAL,Lead novo após dedupe. Caso forte: 243 avaliações 5.0 e nenhum site pessoal real — alto potencial de conversão com redesign.,"Olá, Tamires! Tudo bem?

Aqui é o Leonardo Brasil. Encontrei o seu site (https://www.tamiresdacruz.com.br/) e preparei, sem compromisso, uma nova versão com visual mais moderno e pronta para celular.

Quer que eu te envie o link para ver como ficou?

Me envie uma mensagem no WhatsApp 51 99256-8861 que eu te mando o link:
https://wa.me/5551992568861","Proposta para Tamires: redesign completo do site atual (Nutricionista mulher com excelente reputação (243 avaliações, 5), valor único de R$497 (pagamento único, sem parcelas), com hospedagem e manutenção mensal de R$37,90. Link final do redesign: [INSERIR_LINK_DO_REDESIGN_APOS_CRIACAO].","Oi Tamires, tudo bem? Passando para saber se você viu minha mensagem sobre a nova versão do seu site — posso te enviar o link para dar uma olhada, sem compromisso.","Oi Tamires! Ainda tenho a versão nova do seu site pronta para te mostrar. Se quiser, é só me chamar no WhatsApp 51 99256-8861 que te mando o link na hora.","Oi Tamires, última mensagem por aqui :) A proposta do redesign do seu site segue disponível — R$497 único + R$37,90/mês de hospedagem. Qualquer dúvida, é só chamar no WhatsApp 51 99256-8861."
2026-08-22,5,Nutricionista,Balneario Camboriu - SC,Laís Silvestre,4.9,70,"Telefone/perfil Google Maps: (47) 99257-9701. Endereço: Golden Business - 4ª Avenida, 280, Clínica Herzog, Sl 23, Balneário Camboriú - SC.",+5547992579701,https://nutrilaissilvestre.com.br/,https://www.google.com/maps/search/?api=1&query=Lais%20Silvestre%20Nutricionista%20Balneario%20Camboriu%20SC,"Nutricionista mulher com ótima reputação (70 avaliações, 4.9) e domínio próprio registrado, porém o site está fora do ar.",Domínio nutrilaissilvestre.com.br não carrega — página de erro no navegador ao ser acessado em 22/08/2026. Não foi possível extrair conteúdo nem capturar tela (navegador bloqueia screenshot de página de erro).,Não foi possível extrair conteúdo do site (indisponível). Dados extraídos do perfil público do Google Maps.,Não determinável (site fora do ar),70 avaliações 4.9 estrelas no perfil do Google Maps,Não determinável (site fora do ar),Nenhuma disponível (site fora do ar); fotos precisarão ser levantadas diretamente com a profissional,lais-silvestre-balneario-camboriu-sc,Aguardando redesign individual,,Print do Maps revisado ao vivo nesta sessão (busca + listagem); captura em disco não pôde ser persistida no ambiente desta rotina.,"Não aplicável: domínio fora do ar (página de erro), navegador não permite capturar screenshot de página de erro.",Viewport mobile não pôde ser testado nesta rotina (instabilidade do navegador conectado ao redimensionar); avaliação de responsividade não realizada para este lead.,https://wa.me/5547992579701,LEAD_QUALIFICADO_AGUARDANDO_REDESIGN_INDIVIDUAL,Lead novo após dedupe. Segundo caso de domínio fora do ar encontrado hoje — reforça padrão de sites pagos e abandonados no nicho.,"Olá, Laís! Tudo bem?

Aqui é o Leonardo Brasil. Encontrei o seu site (https://nutrilaissilvestre.com.br/) e preparei, sem compromisso, uma nova versão com visual mais moderno e pronta para celular.

Quer que eu te envie o link para ver como ficou?

Me envie uma mensagem no WhatsApp 51 99256-8861 que eu te mando o link:
https://wa.me/5551992568861","Proposta para Laís: redesign completo do site atual (Nutricionista mulher com ótima reputação (70 avaliações, 4), valor único de R$497 (pagamento único, sem parcelas), com hospedagem e manutenção mensal de R$37,90. Link final do redesign: [INSERIR_LINK_DO_REDESIGN_APOS_CRIACAO].","Oi Laís, tudo bem? Passando para saber se você viu minha mensagem sobre a nova versão do seu site — posso te enviar o link para dar uma olhada, sem compromisso.","Oi Laís! Ainda tenho a versão nova do seu site pronta para te mostrar. Se quiser, é só me chamar no WhatsApp 51 99256-8861 que te mando o link na hora.","Oi Laís, última mensagem por aqui :) A proposta do redesign do seu site segue disponível — R$497 único + R$37,90/mês de hospedagem. Qualquer dúvida, é só chamar no WhatsApp 51 99256-8861."
2026-08-22,6,Nutricionista,Itajai - SC,Alice Vargas,5.0,10,"Sem WhatsApp direto identificado na página; contato via botões ""Comece por aqui"" / ""Fale comigo"". Telefone do perfil Google: (47) 99120-8565.",+5547991208565,https://bio.site/NutriAliceVargas,https://www.google.com/maps/search/?api=1&query=Nutricionista%20Alice%20Vargas%20Itajai%20SC,"Nutricionista mulher em Itajaí sem site próprio: usa apenas uma página link-in-bio gratuita (bio.site), sem seção de serviços, sem depoimentos e sem diferenciais.","Página bio.site (link-in-bio) genérica sem domínio próprio; apenas foto, nome, CRN e dois botões de contato (""Comece por aqui"" e ""Fale comigo""); nenhum conteúdo institucional, serviços ou prova social.","Texto real extraído da página: ""Alice Vargas — Nutrição Clínica - CRN10 14820.""",Nutrição clínica (conforme bio.site e categoria do Google Maps),Nenhuma na página; 10 avaliações 5.0 estrelas no Google Maps,"Paleta verde-clara suave, foto profissional própria, logotipo simples com inicial ""AV"", sem identidade de marca desenvolvida",Foto profissional da nutricionista (presente no bio.site),alice-vargas-itajai-sc,Aguardando redesign individual,,Print do Maps revisado ao vivo nesta sessão (busca + listagem); captura em disco não pôde ser persistida no ambiente desta rotina.,Print desktop do site revisado ao vivo nesta sessão via navegador conectado; captura em disco não pôde ser persistida no ambiente desta rotina.,Viewport mobile não pôde ser testado nesta rotina (instabilidade do navegador conectado ao redimensionar); avaliação de responsividade não realizada para este lead.,https://wa.me/5547991208565,LEAD_QUALIFICADO_AGUARDANDO_REDESIGN_INDIVIDUAL,Lead novo após dedupe. Terceiro caso de link-in-bio (bio.site) sem site próprio identificado hoje.,"Olá, Alice! Tudo bem?

Aqui é o Leonardo Brasil. Encontrei o seu site (https://bio.site/NutriAliceVargas) e preparei, sem compromisso, uma nova versão com visual mais moderno e pronta para celular.

Quer que eu te envie o link para ver como ficou?

Me envie uma mensagem no WhatsApp 51 99256-8861 que eu te mando o link:
https://wa.me/5551992568861","Proposta para Alice: redesign completo do site atual (Nutricionista mulher em Itajaí sem site próprio: usa apenas uma página link-in-bio gratuita (bio), valor único de R$497 (pagamento único, sem parcelas), com hospedagem e manutenção mensal de R$37,90. Link final do redesign: [INSERIR_LINK_DO_REDESIGN_APOS_CRIACAO].","Oi Alice, tudo bem? Passando para saber se você viu minha mensagem sobre a nova versão do seu site — posso te enviar o link para dar uma olhada, sem compromisso.","Oi Alice! Ainda tenho a versão nova do seu site pronta para te mostrar. Se quiser, é só me chamar no WhatsApp 51 99256-8861 que te mando o link na hora.","Oi Alice, última mensagem por aqui :) A proposta do redesign do seu site segue disponível — R$497 único + R$37,90/mês de hospedagem. Qualquer dúvida, é só chamar no WhatsApp 51 99256-8861."
2026-08-22,7,Nutricionista,Itajai - SC,Camila Peruck,5.0,12,Telefone em destaque na página e no perfil Google: (47) 99942-9292.,+5547999429292,https://nutricionista-esportiva-infantil-adulto-itajai.localo.site/,https://www.google.com/maps/search/?api=1&query=Camila%20Peruck%20Nutricionista%20Itajai%20SC,"Nutricionista mulher em Itajaí com página gerada automaticamente por ferramenta de listagem local (localo.site), sem identidade de marca própria, layout genérico e sem domínio profissional.","Página auto-gerada por ferramenta de ""perfil de negócio local"" (localo.site): template padrão idêntico ao usado por milhares de outros negócios, URL extremamente longa e não amigável, sem domínio próprio, layout genérico com widget de avaliações do Google embutido.","Texto real extraído da página: ""Procurando nutricionista em Itajaí para transformar a sua saúde e a da sua família? A Dra. Camila Peruck oferece um atendimento personalizado e humanizado focado em resultados reais e duradouros. Especialista em Nutrição Esportiva para adultos e crianças.""","Nutrição esportiva (adultos e crianças), nutrição infantil, composição corporal, consulta nutricional esportiva",12 avaliações do Google exibidas na própria página (widget de avaliações),Sem paleta ou identidade de marca própria — layout genérico do gerador automático,Foto profissional da nutricionista (presente na página) e foto de ambiente/consultório,camila-peruck-itajai-sc,Aguardando redesign individual,,Print do Maps revisado ao vivo nesta sessão (busca + listagem); captura em disco não pôde ser persistida no ambiente desta rotina.,Print desktop do site revisado ao vivo nesta sessão via navegador conectado; captura em disco não pôde ser persistida no ambiente desta rotina.,Viewport mobile não pôde ser testado nesta rotina (instabilidade do navegador conectado ao redimensionar); avaliação de responsividade não realizada para este lead.,https://wa.me/5547999429292,LEAD_QUALIFICADO_AGUARDANDO_REDESIGN_INDIVIDUAL,"Lead novo após dedupe. Site ""auto-gerado"" (localo.site) é um padrão de baixa qualidade digital recorrente no nicho.","Olá, Camila! Tudo bem?

Aqui é o Leonardo Brasil. Encontrei o seu site (https://nutricionista-esportiva-infantil-adulto-itajai.localo.site/) e preparei, sem compromisso, uma nova versão com visual mais moderno e pronta para celular.

Quer que eu te envie o link para ver como ficou?

Me envie uma mensagem no WhatsApp 51 99256-8861 que eu te mando o link:
https://wa.me/5551992568861","Proposta para Camila: redesign completo do site atual (Nutricionista mulher em Itajaí com página gerada automaticamente por ferramenta de listagem local (localo), valor único de R$497 (pagamento único, sem parcelas), com hospedagem e manutenção mensal de R$37,90. Link final do redesign: [INSERIR_LINK_DO_REDESIGN_APOS_CRIACAO].","Oi Camila, tudo bem? Passando para saber se você viu minha mensagem sobre a nova versão do seu site — posso te enviar o link para dar uma olhada, sem compromisso.","Oi Camila! Ainda tenho a versão nova do seu site pronta para te mostrar. Se quiser, é só me chamar no WhatsApp 51 99256-8861 que te mando o link na hora.","Oi Camila, última mensagem por aqui :) A proposta do redesign do seu site segue disponível — R$497 único + R$37,90/mês de hospedagem. Qualquer dúvida, é só chamar no WhatsApp 51 99256-8861."
2026-08-22,8,Nutricionista,Itajai - SC,Andréa Rebello,5.0,21,Telefone do perfil Google Maps: (47) 99962-1138.,+5547999621138,http://www.nutriandrearebello.net/,https://www.google.com/maps/search/?api=1&query=Dra%20Andrea%20Rebello%20Nutricionista%20Itajai%20SC,"Nutricionista mulher, especialista em emagrecimento e hipertrofia, com domínio próprio e tipografia de impacto, mas com o bloco de imagem principal (hero) quebrado — retângulo vazio no lugar da foto na primeira dobra do site.","O bloco de imagem principal da home (hero, ao lado do título) não carrega — aparece como um retângulo laranja vazio, sem foto. Tipografia bold e chamativa, porém sem botão de WhatsApp/agendamento visível na primeira dobra da página.","Texto real extraído da página: ""Sua Transformação Começa Hoje. Mais de 10 anos de experiência, 5 mil toneladas eliminadas e 156 pódios – a Dra. Andréa sabe o caminho."" e ""Sou a Dra. Andréa, e há mais de 10 anos dedico minha vida à nutrição, ajudando pessoas a reescreverem suas histórias.""","Nutrição para emagrecimento e hipertrofia; acompanhamento de atletas/competidores (conforme ""pódios"" citados no texto)",Não visível na primeira dobra da página (imagem quebrada); 21 avaliações 5.0 estrelas no Google Maps,"Paleta preta e laranja vibrante, tipografia bold/impactante, mas com falha de carregamento de imagem na seção principal",Nenhuma imagem carregando corretamente na home; fotos precisarão ser levantadas/reenviadas com a profissional,andrea-rebello-itajai-sc,Aguardando redesign individual,,Print do Maps revisado ao vivo nesta sessão (busca + listagem); captura em disco não pôde ser persistida no ambiente desta rotina.,Print desktop do site revisado ao vivo nesta sessão via navegador conectado; captura em disco não pôde ser persistida no ambiente desta rotina.,Viewport mobile não pôde ser testado nesta rotina (instabilidade do navegador conectado ao redimensionar); avaliação de responsividade não realizada para este lead.,https://wa.me/5547999621138,LEAD_QUALIFICADO_AGUARDANDO_REDESIGN_INDIVIDUAL,Lead novo após dedupe. Defeito de imagem quebrada no hero é evidência visual forte e verificável para a abordagem.,"Olá, Andréa! Tudo bem?

Aqui é o Leonardo Brasil. Encontrei o seu site (http://www.nutriandrearebello.net/) e preparei, sem compromisso, uma nova versão com visual mais moderno e pronta para celular.

Quer que eu te envie o link para ver como ficou?

Me envie uma mensagem no WhatsApp 51 99256-8861 que eu te mando o link:
https://wa.me/5551992568861","Proposta para Andréa: redesign completo do site atual (Nutricionista mulher, especialista em emagrecimento e hipertrofia, com domínio próprio e tipografia de impacto, mas com o bloco de imagem principal (hero) quebrado — retângulo vazio no lugar da foto na primeira dobra do site), valor único de R$497 (pagamento único, sem parcelas), com hospedagem e manutenção mensal de R$37,90. Link final do redesign: [INSERIR_LINK_DO_REDESIGN_APOS_CRIACAO].","Oi Andréa, tudo bem? Passando para saber se você viu minha mensagem sobre a nova versão do seu site — posso te enviar o link para dar uma olhada, sem compromisso.","Oi Andréa! Ainda tenho a versão nova do seu site pronta para te mostrar. Se quiser, é só me chamar no WhatsApp 51 99256-8861 que te mando o link na hora.","Oi Andréa, última mensagem por aqui :) A proposta do redesign do seu site segue disponível — R$497 único + R$37,90/mês de hospedagem. Qualquer dúvida, é só chamar no WhatsApp 51 99256-8861."
2026-08-22,9,Nutricionista,Blumenau - SC,Karine Nazario,5.0,185,Telefone do perfil Google Maps: (47) 98495-0885.,+5547984950885,https://nutrikarinenazario.com.br/,https://www.google.com/maps/search/?api=1&query=Nutricionista%20Karine%20Nazario%20Blumenau%20SC,"Nutricionista mulher especialista em lipedema, com excelente reputação (185 avaliações, 5.0), mas a seção inicial do site (logotipo e foto do hero) exibe a identidade visual de outra profissional (mesmo template/desenvolvedor), quebrando a confiança na primeira impressão.","A primeira dobra do site (logotipo ""Giulia Longen Nutricionista"" e foto de outra profissional) não corresponde à Karine Nazario, indicando um template compartilhado não finalizado/personalizado corretamente. O restante da página (mais abaixo) traz depoimentos reais e conteúdo específico sobre lipedema, mostrando que o site tem conteúdo bom mas mal implementado.","Texto real extraído da página: título da aba ""Nutricionista Karine Nazario | Especialista em Lipedema e Nutrição Anti-inflamatória""; depoimentos reais de pacientes (Franciele, 42 anos; Mayara, 37 anos; Janaina, 41 anos; Letícia, 28 anos; entre outras) relatando acompanhamento para lipedema e reeducação alimentar.","Nutrição para lipedema, nutrição anti-inflamatória, reeducação alimentar, acompanhamento humanizado","7 depoimentos reais de pacientes publicados na página, com nome e idade; 185 avaliações 5.0 estrelas no Google Maps",Seção inicial (hero/logo) exibe identidade de outra profissional — falha de personalização de template; restante da página não avaliado em detalhe,Depoimentos em texto disponíveis; fotos e logotipo precisam ser corrigidos/substituídos pelos da própria Karine,karine-nazario-blumenau-sc,Aguardando redesign individual,,Print do Maps revisado ao vivo nesta sessão (busca + listagem); captura em disco não pôde ser persistida no ambiente desta rotina.,Print desktop do site revisado ao vivo nesta sessão via navegador conectado; captura em disco não pôde ser persistida no ambiente desta rotina.,Viewport mobile não pôde ser testado nesta rotina (instabilidade do navegador conectado ao redimensionar); avaliação de responsividade não realizada para este lead.,https://wa.me/5547984950885,LEAD_QUALIFICADO_AGUARDANDO_REDESIGN_INDIVIDUAL,"Lead novo após dedupe. Observação registrada em 22/08/2026 ao vivo no navegador conectado — recomenda-se nova verificação antes do primeiro contato, pois pode ser cache/bug pontual do provedor.","Olá, Karine! Tudo bem?

Aqui é o Leonardo Brasil. Encontrei o seu site (https://nutrikarinenazario.com.br/) e preparei, sem compromisso, uma nova versão com visual mais moderno e pronta para celular.

Quer que eu te envie o link para ver como ficou?

Me envie uma mensagem no WhatsApp 51 99256-8861 que eu te mando o link:
https://wa.me/5551992568861","Proposta para Karine: redesign completo do site atual (Nutricionista mulher especialista em lipedema, com excelente reputação (185 avaliações, 5), valor único de R$497 (pagamento único, sem parcelas), com hospedagem e manutenção mensal de R$37,90. Link final do redesign: [INSERIR_LINK_DO_REDESIGN_APOS_CRIACAO].","Oi Karine, tudo bem? Passando para saber se você viu minha mensagem sobre a nova versão do seu site — posso te enviar o link para dar uma olhada, sem compromisso.","Oi Karine! Ainda tenho a versão nova do seu site pronta para te mostrar. Se quiser, é só me chamar no WhatsApp 51 99256-8861 que te mando o link na hora.","Oi Karine, última mensagem por aqui :) A proposta do redesign do seu site segue disponível — R$497 único + R$37,90/mês de hospedagem. Qualquer dúvida, é só chamar no WhatsApp 51 99256-8861."
2026-08-22,10,Fisioterapeuta,Balneario Camboriu - SC,Raquel Neumann,5.0,30,"Telefone do perfil Google Maps: (47) 99609-7029. Endereço: R. 700, 489 - Sl 1203, Balneário Camboriú - SC.",+5547996097029,https://www.raquelneumann.com.br/,https://www.google.com/maps/search/?api=1&query=Raquel%20Neumann%20Fisioterapeuta%20Pelvica%20Balneario%20Camboriu%20SC,"Fisioterapeuta pélvica mulher com domínio próprio registrado, mas o site é um projeto de IA/no-code não finalizado: o título da aba do navegador ainda exibe o nome padrão da ferramenta de criação, não o nome da profissional.","O título da aba do navegador mostra ""My Google AI Studio App"" (nome padrão da ferramenta usada para gerar o site, nunca configurado), indicando um projeto abandonado ou mal configurado. O texto principal (""Terapia Sexual e Performance Íntima Masculina"") também não condiz com o foco declarado no Google Maps (Fisioterapeuta Pélvica), sugerindo conteúdo genérico/de exemplo nunca revisado.","Dados extraídos do perfil público do Google Maps (categoria ""Fisioterapeuta Pélvica""); conteúdo do próprio site não pôde ser usado por parecer genérico/de exemplo, não personalizado.",Fisioterapia pélvica (conforme categoria do Google Maps),Não avaliada (conteúdo do site aparenta ser genérico/de exemplo); 30 avaliações 5.0 estrelas no Google Maps,"Paleta rosa clara elegante, tipografia serifada, mas com título de aba/metadados não configurados e texto de exemplo não personalizado","Não avaliadas (conteúdo aparenta ser de exemplo, não personalizado pela profissional)",raquel-neumann-balneario-camboriu-sc,Aguardando redesign individual,,Print do Maps revisado ao vivo nesta sessão (busca + listagem); captura em disco não pôde ser persistida no ambiente desta rotina.,Print desktop do site revisado ao vivo nesta sessão via navegador conectado; captura em disco não pôde ser persistida no ambiente desta rotina.,Viewport mobile não pôde ser testado nesta rotina (instabilidade do navegador conectado ao redimensionar); avaliação de responsividade não realizada para este lead.,https://wa.me/5547996097029,LEAD_QUALIFICADO_AGUARDANDO_REDESIGN_INDIVIDUAL,Lead novo após dedupe. Caso raro e forte: site com metadados de ferramenta de IA nunca configurados (evidência objetiva de projeto abandonado).,"Olá, Raquel! Tudo bem?

Aqui é o Leonardo Brasil. Encontrei o seu site (https://www.raquelneumann.com.br/) e preparei, sem compromisso, uma nova versão com visual mais moderno e pronta para celular.

Quer que eu te envie o link para ver como ficou?

Me envie uma mensagem no WhatsApp 51 99256-8861 que eu te mando o link:
https://wa.me/5551992568861","Proposta para Raquel: redesign completo do site atual (Fisioterapeuta pélvica mulher com domínio próprio registrado, mas o site é um projeto de IA/no-code não finalizado: o título da aba do navegador ainda exibe o nome padrão da ferramenta de criação, não o nome da profissional), valor único de R$497 (pagamento único, sem parcelas), com hospedagem e manutenção mensal de R$37,90. Link final do redesign: [INSERIR_LINK_DO_REDESIGN_APOS_CRIACAO].","Oi Raquel, tudo bem? Passando para saber se você viu minha mensagem sobre a nova versão do seu site — posso te enviar o link para dar uma olhada, sem compromisso.","Oi Raquel! Ainda tenho a versão nova do seu site pronta para te mostrar. Se quiser, é só me chamar no WhatsApp 51 99256-8861 que te mando o link na hora.","Oi Raquel, última mensagem por aqui :) A proposta do redesign do seu site segue disponível — R$497 único + R$37,90/mês de hospedagem. Qualquer dúvida, é só chamar no WhatsApp 51 99256-8861."
